Workbook
Name Slicer_Region: #N/A

Sheet Assets_Master
A1: Asset_Tag | B1: Device_Type | C1: Model | D1: Serial_Number | E1: Vendor_Name | F1: Contract_ID | G1: Start_Date | H1: End_Date | I1: Annual_Cost | J1: Region | K1: SLA_Status
A2: Serv-AME-0001 | B2: Server | C2: ProLiant DL380 Gen11 | D2: SN770720 | E2: Samsung IT | F2: CT-Sams-2026-001 | G2: 45484 | H2: 46214 | I2: 11109.06 | J2: AMER | K2: =IF(TODAY()>H2,"Expired","Active") -> Active
A3: Desk-AME-0002 | B3: Desktop | C3: MacBook Pro 16 Gen11 | D3: SN492136 | E3: Samsung IT | F3: CT-Sams-2026-002 | G3: 45328 | H3: 45694 | I3: 883.58 | J3: AMER | K3: =IF(TODAY()>H3,"Expired","Active") -> Expired
A4: Serv-APA-0003 | B4: Server | C4: Catalyst 9300 Gen12 | D4: SN251402 | E4: Apple Enterprise | F4: CT-Appl-2026-003 | G4: 45111 | H4: 46207 | I4: 7374.52 | J4: APAC | K4: =IF(TODAY()>H4,"Expired","Active") -> Active
A5: Serv-APA-0004 | B5: Server | C5: Catalyst 9300 Gen10 | D5: SN464965 | E5: Dell Global | F5: CT-Dell-2026-004 | G5: 45188 | H5: 46284 | I5: 10866.56 | J5: APAC | K5: =IF(TODAY()>H5,"Expired","Active") -> Active
A6: Serv-AME-0005 | B6: Server | C6: ProLiant DL380 Gen8 | D6: SN1023470 | E6: Samsung IT | F6: CT-Sams-2026-005 | G6: 45125 | H6: 45856 | I6: 5130.16 | J6: AMER | K6: =IF(TODAY()>H6,"Expired","Active") -> Expired
A7: Serv-AME-0006 | B7: Server | C7: ThinkPad X1 Gen8 | D7: SN541081 | E7: Lenovo Pro | F7: CT-Leno-2026-006 | G7: 45558 | H7: 45923 | I7: 9826.73 | J7: AMER | K7: =IF(TODAY()>H7,"Expired","Active") -> Expired
A8: Desk-APA-0007 | B8: Desktop | C8: Latitude 5430 Gen10 | D8: SN1042591 | E8: Lenovo Pro | F8: CT-Leno-2026-007 | G8: 45680 | H8: 46775 | I8: 1908.46 | J8: APAC | K8: =IF(TODAY()>H8,"Expired","Active") -> Active
A9: Lapt-LAT-0008 | B9: Laptop | C9: EliteBook 840 Gen8 | D9: SN143773 | E9: Cisco Systems | F9: CT-Cisc-2026-008 | G9: 45560 | H9: 45925 | I9: 979.3 | J9: LATAM | K9: =IF(TODAY()>H9,"Expired","Active") -> Expired
A10: Serv-APA-0009 | B10: Server | C10: Latitude 5430 Gen8 | D10: SN644618 | E10: HP Inc | F10: CT-HP I-2026-009 | G10: 45646 | H10: 46741 | I10: 8546.3 | J10: APAC | K10: =IF(TODAY()>H10,"Expired","Active") -> Active
A11: Mobi-APA-0010 | B11: Mobile | C11: Latitude 5430 Gen9 | D11: SN268650 | E11: Lenovo Pro | F11: CT-Leno-2026-010 | G11: 45036 | H11: 45402 | I11: 1020.55 | J11: APAC | K11: =IF(TODAY()>H11,"Expired","Active") -> Expired
A12: Mobi-EME-0011 | B12: Mobile | C12: EliteBook 840 Gen11 | D12: SN622252 | E12: Samsung IT | F12: CT-Sams-2026-011 | G12: 45601 | H12: 46331 | I12: 1148.54 | J12: EMEA | K12: =IF(TODAY()>H12,"Expired","Active") -> Active
A13: Serv-LAT-0012 | B13: Server | C13: EliteBook 840 Gen11 | D13: SN1081799 | E13: Apple Enterprise | F13: CT-Appl-2026-012 | G13: 45958 | H13: 46323 | I13: 9376.27 | J13: LATAM | K13: =IF(TODAY()>H13,"Expired","Active") -> Active
... A521: Lapt-EME-0520 | B521: Laptop | C521: Catalyst 9300 Gen9 | D521: SN875126 | E521: Lenovo Pro | F521: CT-Leno-2026-520 | G521: 45328 | H521: 45694 | I521: 1245.94 | J521: EMEA | K521: =IF(TODAY()>H521,"Expired","Active") -> Expired

Sheet Repair_Log
A1: Ticket_ID | B1: Asset_Tag | C1: Date_Reported | D1: Date_Resolved | E1: Vendor | F1: Region | G1: SLA_Days_Allowed | H1: Actual_TAT | I1: SLA_Breach | J1: Month
A2: TKT-2026-0001 | B2: Lapt-APA-0310 | C2: 46020 | D2: 46022 | E2: =IFERROR(VLOOKUP(B2,Assets_Master!A:E,5,FALSE),"Unknown") -> Samsung IT | F2: =IFERROR(VLOOKUP(B2,Assets_Master!A:J,10,FALSE),"Unknown") -> APAC | G2: 2 | H2: =IF(AND(C2<>"",D2<>""),NETWORKDAYS(C2,D2),0) -> 3 | I2: =IF(H2>G2,"YES","NO") -> YES | J2: =TEXT(C2,"mmm-yyyy") -> Dec-2025
A3: TKT-2026-0002 | B3: Desk-APA-0345 | C3: 45996 | D3: 46001 | E3: =IFERROR(VLOOKUP(B3,Assets_Master!A:E,5,FALSE),"Unknown") -> HP Inc | F3: =IFERROR(VLOOKUP(B3,Assets_Master!A:J,10,FALSE),"Unknown") -> APAC | G3: 2 | H3: =IF(AND(C3<>"",D3<>""),NETWORKDAYS(C3,D3),0) -> 4 | I3: =IF(H3>G3,"YES","NO") -> YES | J3: =TEXT(C3,"mmm-yyyy") -> Dec-2025
A4: TKT-2026-0003 | B4: Netw-AME-0485 | C4: 46064 | D4: 46067 | E4: =IFERROR(VLOOKUP(B4,Assets_Master!A:E,5,FALSE),"Unknown") -> Lenovo Pro | F4: =IFERROR(VLOOKUP(B4,Assets_Master!A:J,10,FALSE),"Unknown") -> AMER | G4: 2 | H4: =IF(AND(C4<>"",D4<>""),NETWORKDAYS(C4,D4),0) -> 3 | I4: =IF(H4>G4,"YES","NO") -> YES | J4: =TEXT(C4,"mmm-yyyy") -> Feb-2026
A5: TKT-2026-0004 | B5: Netw-LAT-0166 | C5: 45995 | D5: 46000 | E5: =IFERROR(VLOOKUP(B5,Assets_Master!A:E,5,FALSE),"Unknown") -> HP Inc | F5: =IFERROR(VLOOKUP(B5,Assets_Master!A:J,10,FALSE),"Unknown") -> LATAM | G5: 2 | H5: =IF(AND(C5<>"",D5<>""),NETWORKDAYS(C5,D5),0) -> 4 | I5: =IF(H5>G5,"YES","NO") -> YES | J5: =TEXT(C5,"mmm-yyyy") -> Dec-2025
A6: TKT-2026-0005 | B6: Netw-LAT-0447 | C6: 46035 | D6: 46038 | E6: =IFERROR(VLOOKUP(B6,Assets_Master!A:E,5,FALSE),"Unknown") -> Cisco Systems | F6: =IFERROR(VLOOKUP(B6,Assets_Master!A:J,10,FALSE),"Unknown") -> LATAM | G6: 2 | H6: =IF(AND(C6<>"",D6<>""),NETWORKDAYS(C6,D6),0) -> 4 | I6: =IF(H6>G6,"YES","NO") -> YES | J6: =TEXT(C6,"mmm-yyyy") -> Jan-2026
A7: TKT-2026-0006 | B7: Netw-AME-0373 | C7: 45981 | D7: 45983 | E7: =IFERROR(VLOOKUP(B7,Assets_Master!A:E,5,FALSE),"Unknown") -> Apple Enterprise | F7: =IFERROR(VLOOKUP(B7,Assets_Master!A:J,10,FALSE),"Unknown") -> AMER | G7: 2 | H7: =IF(AND(C7<>"",D7<>""),NETWORKDAYS(C7,D7),0) -> 2 | I7: =IF(H7>G7,"YES","NO") -> NO | J7: =TEXT(C7,"mmm-yyyy") -> Nov-2025
A8: TKT-2026-0007 | B8: Netw-EME-0293 | C8: 46020 | D8: 46024 | E8: =IFERROR(VLOOKUP(B8,Assets_Master!A:E,5,FALSE),"Unknown") -> Lenovo Pro | F8: =IFERROR(VLOOKUP(B8,Assets_Master!A:J,10,FALSE),"Unknown") -> EMEA | G8: 2 | H8: =IF(AND(C8<>"",D8<>""),NETWORKDAYS(C8,D8),0) -> 5 | I8: =IF(H8>G8,"YES","NO") -> YES | J8: =TEXT(C8,"mmm-yyyy") -> Dec-2025
A9: TKT-2026-0008 | B9: Lapt-LAT-0312 | C9: 46049 | D9: 46053 | E9: =IFERROR(VLOOKUP(B9,Assets_Master!A:E,5,FALSE),"Unknown") -> Dell Global | F9: =IFERROR(VLOOKUP(B9,Assets_Master!A:J,10,FALSE),"Unknown") -> LATAM | G9: 2 | H9: =IF(AND(C9<>"",D9<>""),NETWORKDAYS(C9,D9),0) -> 4 | I9: =IF(H9>G9,"YES","NO") -> YES | J9: =TEXT(C9,"mmm-yyyy") -> Jan-2026
A10: TKT-2026-0009 | B10: Prin-EME-0488 | C10: 45980 | D10: 45985 | E10: =IFERROR(VLOOKUP(B10,Assets_Master!A:E,5,FALSE),"Unknown") -> Lenovo Pro | F10: =IFERROR(VLOOKUP(B10,Assets_Master!A:J,10,FALSE),"Unknown") -> EMEA | G10: 2 | H10: =IF(AND(C10<>"",D10<>""),NETWORKDAYS(C10,D10),0) -> 4 | I10: =IF(H10>G10,"YES","NO") -> YES | J10: =TEXT(C10,"mmm-yyyy") -> Nov-2025
A11: TKT-2026-0010 | B11: Mobi-APA-0394 | C11: 46054 | D11: 46057 | E11: =IFERROR(VLOOKUP(B11,Assets_Master!A:E,5,FALSE),"Unknown") -> Fujitsu | F11: =IFERROR(VLOOKUP(B11,Assets_Master!A:J,10,FALSE),"Unknown") -> APAC | G11: 2 | H11: =IF(AND(C11<>"",D11<>""),NETWORKDAYS(C11,D11),0) -> 3 | I11: =IF(H11>G11,"YES","NO") -> YES | J11: =TEXT(C11,"mmm-yyyy") -> Feb-2026
A12: TKT-2026-0011 | B12: Serv-APA-0155 | C12: 46067 | D12: 46072 | E12: =IFERROR(VLOOKUP(B12,Assets_Master!A:E,5,FALSE),"Unknown") -> Apple Enterprise | F12: =IFERROR(VLOOKUP(B12,Assets_Master!A:J,10,FALSE),"Unknown") -> APAC | G12: 2 | H12: =IF(AND(C12<>"",D12<>""),NETWORKDAYS(C12,D12),0) -> 4 | I12: =IF(H12>G12,"YES","NO") -> YES | J12: =TEXT(C12,"mmm-yyyy") -> Feb-2026
A13: TKT-2026-0012 | B13: Prin-AME-0272 | C13: 46056 | D13: 46060 | E13: =IFERROR(VLOOKUP(B13,Assets_Master!A:E,5,FALSE),"Unknown") -> Lenovo Pro | F13: =IFERROR(VLOOKUP(B13,Assets_Master!A:J,10,FALSE),"Unknown") -> AMER | G13: 2 | H13: =IF(AND(C13<>"",D13<>""),NETWORKDAYS(C13,D13),0) -> 4 | I13: =IF(H13>G13,"YES","NO") -> YES | J13: =TEXT(C13,"mmm-yyyy") -> Feb-2026
... A381: TKT-2026-0380 | B381: Desk-LAT-0483 | C381: 46117 | D381: 46119 | E381: =IFERROR(VLOOKUP(B381,Assets_Master!A:E,5,FALSE),"Unknown") -> Apple Enterprise | F381: =IFERROR(VLOOKUP(B381,Assets_Master!A:J,10,FALSE),"Unknown") -> LATAM | G381: 2 | H381: =IF(AND(C381<>"",D381<>""),NETWORKDAYS(C381,D381),0) -> 2 | I381: =IF(H381>G381,"YES","NO") -> NO | J381: =TEXT(C381,"mmm-yyyy") -> Apr-2026

Sheet Control_Metrics
A1: Period | B1: Total_Tickets | C1: Late_Tickets | D1: Late_Percentage
A2: Historical Baseline | B2: =COUNTIF(Repair_Log[Ticket_ID], "TKT*") - COUNTIF(Repair_Log[Ticket_ID], ">TKT-2026-0150") -> 150 | C2: =COUNTIFS(Repair_Log[SLA_Breach], "YES", Repair_Log[Ticket_ID], "<TKT-2026-0150") -> 109 | D2: =IF(B2>0, C2/B2, 0) -> 0.72666667
A3: Current Period | B3: =COUNTIF(Repair_Log[Ticket_ID], ">TKT-2026-0150") -> 230 | C3: =COUNTIFS(Repair_Log[SLA_Breach], "YES", Repair_Log[Ticket_ID], ">TKT-2026-0150") -> 48 | D3: =IF(B3>0, C3/B3, 0) -> 0.20869565
A5: Reduction Achieved: | B5: =IFERROR((D2-D3)/D2, 0) -> 0.71280415

Sheet Pivot_SLA
A1: Vendor SLA Performance Dashboard
B3: Column Labels
B4: Apr-2026 | D4: Dec-2025 | F4: Feb-2026 | H4: Jan-2026 | J4: Mar-2026 | L4: Nov-2025 | N4: Total Total Repairs | O4: Total Breaches
A5: Row Labels | B5: Total Repairs | C5: Breaches | D5: Total Repairs | E5: Breaches | F5: Total Repairs | G5: Breaches | H5: Total Repairs | I5: Breaches | J5: Total Repairs | K5: Breaches | L5: Total Repairs | M5: Breaches
A6: Apple Enterprise | B6: 11 | C6: 11 | D6: 6 | E6: 6 | F6: 2 | G6: 2 | H6: 4 | I6: 4 | J6: 31 | K6: 31 | L6: 4 | M6: 4 | N6: 58 | O6: 58
A7: AMER | B7: 3 | C7: 3 | D7: 1 | E7: 1 | H7: 1 | I7: 1 | J7: 10 | K7: 10 | L7: 2 | M7: 2 | N7: 17 | O7: 17
A8: APAC | B8: 2 | C8: 2 | D8: 2 | E8: 2 | F8: 2 | G8: 2 | J8: 7 | K8: 7 | L8: 1 | M8: 1 | N8: 14 | O8: 14
A9: EMEA | B9: 2 | C9: 2 | D9: 2 | E9: 2 | J9: 7 | K9: 7 | N9: 11 | O9: 11
A10: LATAM | B10: 4 | C10: 4 | D10: 1 | E10: 1 | H10: 3 | I10: 3 | J10: 7 | K10: 7 | L10: 1 | M10: 1 | N10: 16 | O10: 16
A11: Cisco Systems | B11: 12 | C11: 12 | D11: 7 | E11: 7 | F11: 2 | G11: 2 | H11: 9 | I11: 9 | J11: 24 | K11: 24 | L11: 1 | M11: 1 | N11: 55 | O11: 55
A12: AMER | B12: 5 | C12: 5 | D12: 2 | E12: 2 | H12: 1 | I12: 1 | J12: 11 | K12: 11 | N12: 19 | O12: 19
A13: APAC | B13: 2 | C13: 2 | D13: 1 | E13: 1 | F13: 1 | G13: 1 | H13: 1 | I13: 1 | J13: 6 | K13: 6 | L13: 1 | M13: 1 | N13: 12 | O13: 12
A14: EMEA | B14: 1 | C14: 1 | H14: 4 | I14: 4 | J14: 3 | K14: 3 | N14: 8 | O14: 8
A15: LATAM | B15: 4 | C15: 4 | D15: 4 | E15: 4 | F15: 1 | G15: 1 | H15: 3 | I15: 3 | J15: 4 | K15: 4 | N15: 16 | O15: 16
A16: Dell Global | B16: 14 | C16: 14 | D16: 7 | E16: 7 | F16: 2 | G16: 2 | H16: 13 | I16: 13 | J16: 25 | K16: 25 | L16: 2 | M16: 2 | N16: 63 | O16: 63
A17: AMER | B17: 5 | C17: 5 | D17: 1 | E17: 1 | F17: 2 | G17: 2 | H17: 3 | I17: 3 | J17: 2 | K17: 2 | N17: 13 | O17: 13
A18: APAC | B18: 3 | C18: 3 | D18: 4 | E18: 4 | H18: 3 | I18: 3 | J18: 6 | K18: 6 | N18: 16 | O18: 16
A19: EMEA | B19: 1 | C19: 1 | H19: 3 | I19: 3 | J19: 6 | K19: 6 | N19: 10 | O19: 10
A20: LATAM | B20: 5 | C20: 5 | D20: 2 | E20: 2 | H20: 4 | I20: 4 | J20: 11 | K20: 11 | L20: 2 | M20: 2 | N20: 24 | O20: 24
A21: Fujitsu | B21: 8 | C21: 8 | D21: 6 | E21: 6 | F21: 5 | G21: 5 | H21: 4 | I21: 4 | J21: 21 | K21: 21 | L21: 2 | M21: 2 | N21: 46 | O21: 46
A22: AMER | B22: 4 | C22: 4 | F22: 1 | G22: 1 | H22: 2 | I22: 2 | J22: 8 | K22: 8 | L22: 1 | M22: 1 | N22: 16 | O22: 16
A23: APAC | B23: 1 | C23: 1 | F23: 2 | G23: 2 | H23: 1 | I23: 1 | J23: 6 | K23: 6 | N23: 10 | O23: 10
A24: EMEA | B24: 3 | C24: 3 | D24: 4 | E24: 4 | F24: 1 | G24: 1 | J24: 5 | K24: 5 | N24: 13 | O24: 13
A25: LATAM | D25: 2 | E25: 2 | F25: 1 | G25: 1 | H25: 1 | I25: 1 | J25: 2 | K25: 2 | L25: 1 | M25: 1 | N25: 7 | O25: 7
A26: HP Inc | B26: 8 | C26: 8 | D26: 9 | E26: 9 | F26: 2 | G26: 2 | H26: 8 | I26: 8 | J26: 20 | K26: 20 | L26: 3 | M26: 3 | N26: 50 | O26: 50
A27: AMER | B27: 2 | C27: 2 | D27: 2 | E27: 2 | F27: 1 | G27: 1 | H27: 2 | I27: 2 | J27: 7 | K27: 7 | N27: 14 | O27: 14
A28: APAC | B28: 2 | C28: 2 | D28: 4 | E28: 4 | F28: 1 | G28: 1 | J28: 4 | K28: 4 | L28: 1 | M28: 1 | N28: 12 | O28: 12
A29: EMEA | B29: 1 | C29: 1 | H29: 2 | I29: 2 | J29: 1 | K29: 1 | N29: 4 | O29: 4
A30: LATAM | B30: 3 | C30: 3 | D30: 3 | E30: 3 | H30: 4 | I30: 4 | J30: 8 | K30: 8 | L30: 2 | M30: 2 | N30: 20 | O30: 20
A31: Lenovo Pro | B31: 7 | C31: 7 | D31: 10 | E31: 10 | F31: 8 | G31: 8 | H31: 8 | I31: 8 | J31: 21 | K31: 21 | L31: 5 | M31: 5 | N31: 59 | O31: 59
A32: AMER | D32: 2 | E32: 2 | F32: 3 | G32: 3 | H32: 4 | I32: 4 | J32: 5 | K32: 5 | N32: 14 | O32: 14
A33: APAC | B33: 2 | C33: 2 | D33: 5 | E33: 5 | F33: 2 | G33: 2 | H33: 1 | I33: 1 | J33: 5 | K33: 5 | L33: 2 | M33: 2 | N33: 17 | O33: 17
A34: EMEA | B34: 2 | C34: 2 | D34: 3 | E34: 3 | F34: 1 | G34: 1 | H34: 1 | I34: 1 | J34: 4 | K34: 4 | L34: 2 | M34: 2 | N34: 13 | O34: 13
A35: LATAM | B35: 3 | C35: 3 | F35: 2 | G35: 2 | H35: 2 | I35: 2 | J35: 7 | K35: 7 | L35: 1 | M35: 1 | N35: 15 | O35: 15
A36: Samsung IT | B36: 8 | C36: 8 | D36: 8 | E36: 8 | F36: 5 | G36: 5 | H36: 3 | I36: 3 | J36: 21 | K36: 21 | L36: 4 | M36: 4 | N36: 49 | O36: 49
A37: AMER | B37: 3 | C37: 3 | D37: 4 | E37: 4 | J37: 6 | K37: 6 | N37: 13 | O37: 13
A38: APAC | B38: 1 | C38: 1 | D38: 2 | E38: 2 | H38: 1 | I38: 1 | J38: 5 | K38: 5 | L38: 1 | M38: 1 | N38: 10 | O38: 10
A39: EMEA | B39: 1 | C39: 1 | F39: 3 | G39: 3 | H39: 2 | I39: 2 | J39: 7 | K39: 7 | L39: 3 | M39: 3 | N39: 16 | O39: 16
A40: LATAM | B40: 3 | C40: 3 | D40: 2 | E40: 2 | F40: 2 | G40: 2 | J40: 3 | K40: 3 | N40: 10 | O40: 10
A41: Grand Total | B41: 68 | C41: 68 | D41: 53 | E41: 53 | F41: 26 | G41: 26 | H41: 49 | I41: 49 | J41: 163 | K41: 163 | L41: 21 | M41: 21 | N41: 380 | O41: 380

Sheet Pivot_Spend
A1: Regional Procurement Spend Analysis
A3: Row Labels | B3: Total Annual Spend | C3: Device Count
A4: AMER | B4: 351406.56 | C4: 142
A5: Apple Enterprise | B5: 55652.19 | C5: 19
A6: Cisco Systems | B6: 38692.73 | C6: 18
A7: Dell Global | B7: 34925.23 | C7: 16
A8: Fujitsu | B8: 62386.95 | C8: 24
A9: HP Inc | B9: 51446.11 | C9: 22
A10: Lenovo Pro | B10: 52588.74 | C10: 21
A11: Samsung IT | B11: 55714.61 | C11: 22
A12: APAC | B12: 395429.82 | C12: 137
A13: Apple Enterprise | B13: 56394.39 | C13: 18
A14: Cisco Systems | B14: 72267.72 | C14: 18
A15: Dell Global | B15: 84173.69 | C15: 27
... A36: Grand Total | B36: 1442304.6 | C36: 520

Sheet Executive_Dashboard
A1: GLOBAL VENDOR & ASSET COMMAND CENTER | M1: Region | N1: Spend
M2: AMER | N2: =SUMIF(Assets_Master[Region], M2, Assets_Master[Annual_Cost]) -> 351406.56
A3: KEY PERFORMANCE INDICATORS | M3: EMEA | N3: =SUMIF(Assets_Master[Region], M3, Assets_Master[Annual_Cost]) -> 335065.56
M4: APAC | N4: =SUMIF(Assets_Master[Region], M4, Assets_Master[Annual_Cost]) -> 395429.82
A5: Current SLA Breach Rate | D5: SLA Improvement | G5: Active Contracts | M5: LATAM | N5: =SUMIF(Assets_Master[Region], M5, Assets_Master[Annual_Cost]) -> 360402.66
